Perfil (Sección),Código (Número de Pieza Dayco),Tipo de Longitud,Longitud (mm)
Z,Z16DR,Interna,406
Z,Z18DR,Interna,457
Z,Z19DR,Interna,483
Z,Z19.5DR,Interna,495
Z,Z20DR,Interna,508
Z,Z20.5DR,Interna,521
Z,Z21DR,Interna,533
Z,Z21.5DR,Interna,546
Z,Z22DR,Interna,559
Z,Z23DR,Interna,584
Z,Z23.5DR,Interna,597
Z,Z24DR,Interna,610
Z,Z25DR,Interna,635
Z,Z25.5DR,Interna,648
Z,Z26DR,Interna,660
Z,Z26.5DR,Interna,673
Z,Z27DR,Interna,686
Z,Z27.5DR,Interna,699
Z,Z28DR,Interna,711
Z,Z28.5DR,Interna,724
Z,Z29DR,Interna,737
Z,Z29.5DR,Interna,749
Z,Z30DR,Interna,762
Z,Z30.25DR,Interna,768
Z,Z30.5DR,Interna,775
Z,Z30.75DR,Interna,781
Z,Z31DR,Interna,787
Z,Z31.5DR,Interna,800
Z,Z32DR,Interna,813
Z,Z32.5DR,Interna,826
Z,Z33DR,Interna,838
Z,Z33.5DR,Interna,851
Z,Z34DR,Interna,864
Z,Z34.25DR,Interna,870
Z,Z34.5DR,Interna,876
Z,Z35DR,Interna,889
Z,Z35.5DR,Interna,902
Z,Z36DR,Interna,914
Z,Z36.5DR,Interna,927
Z,Z36.75DR,Interna,933
Z,Z37DR,Interna,940
Z,Z37.5DR,Interna,953
Z,Z38DR,Interna,965
Z,Z38.25DR,Interna,972
Z,Z38.5DR,Interna,978
Z,Z39DR,Interna,991
Z,Z39.5DR,Interna,1003
Z,Z40DR,Interna,1016
Z,Z40.5DR,Interna,1029
Z,Z41DR,Interna,1041
Z,Z41.5DR,Interna,1054
Z,Z42DR,Interna,1067
Z,Z42.5DR,Interna,1080
Z,Z43DR,Interna,1092
Z,Z43.25DR,Interna,1099
Z,Z44DR,Interna,1118
Z,Z45DR,Interna,1143
Z,Z45.5DR,Interna,1156
Z,Z46DR,Interna,1168
Z,Z46.5DR,Interna,1181
Z,Z47DR,Interna,1194
Z,Z48DR,Interna,1219
Z,Z48.5DR,Interna,1232
Z,Z49DR,Interna,1245
Z,Z50DR,Interna,1270
Z,Z51DR,Interna,1295
Z,Z52DR,Interna,1321
Z,Z53DR,Interna,1346
Z,Z54DR,Interna,1372
Z,Z55DR,Interna,1397
Z,Z56DR,Interna,1422
Z,Z57DR,Interna,1448
Z,Z58DR,Interna,1473
Z,Z59DR,Interna,1499
Z,Z59.5DR,Interna,1511
Z,Z60DR,Interna,1524
Z,Z61DR,Interna,1549
Z,Z62DR,Interna,1575
Z,Z63DR,Interna,1600
Z,Z64DR,Interna,1626
Z,Z65DR,Interna,1651
Z,Z66DR,Interna,1676
Z,Z67DR,Interna,1702
Z,Z68DR,Interna,1727
Z,Z68.5DR,Interna,1740
Z,Z69DR,Interna,1753
Z,Z70DR,Interna,1778
Z,Z71DR,Interna,1803
Z,Z79DR,Interna,2007
A,A21GL,Interna,533
A,A22GL,Interna,559
A,A23GL,Interna,584
A,A24GL,Interna,610
A,A25GL,Interna,635
A,A26GL,Interna,660
A,A27GL,Interna,686
A,A28GL,Interna,711
A,A29GL,Interna,737
A,A30GL,Interna,762
A,A31GL,Interna,787
A,A32GL,Interna,813
A,A33GL,Interna,838
A,A33.5GL,Interna,851
A,A34GL,Interna,864
A,A35GL,Interna,889
A,A36GL,Interna,914
A,A37GL,Interna,940
A,A38GL,Interna,965
A,A38.5GL,Interna,978
A,A39GL,Interna,991
A,A40GL,Interna,1016
A,A41GL,Interna,1041
A,A42GL,Interna,1067
A,A43GL,Interna,1092
A,A44GL,Interna,1118
A,A45GL,Interna,1143
A,A45.5GL,Interna,1156
A,A46GL,Interna,1168
A,A47GL,Interna,1194
A,A48GL,Interna,1219
A,A49GL,Interna,1245
A,A50GL,Interna,1270
A,A51GL,Interna,1295
A,A52GL,Interna,1321
A,A53GL,Interna,1346
A,A54GL,Interna,1372
A,A55GL,Interna,1397
A,A56GL,Interna,1422
A,A57GL,Interna,1448
A,A58GL,Interna,1473
A,A59GL,Interna,1499
A,A60GL,Interna,1524
A,A61GL,Interna,1549
A,A62GL,Interna,1575
A,A63GL,Interna,1600
A,A64GL,Interna,1626
A,A65GL,Interna,1651
A,A66GL,Interna,1676
A,A67GL,Interna,1702
A,A68GL,Interna,1727
A,A69GL,Interna,1753
A,A70GL,Interna,1778
A,A71GL,Interna,1803
A,A72GL,Interna,1829
A,A73GL,Interna,1854
A,A73.5GL,Interna,1867
A,A74GL,Interna,1880
A,A75GL,Interna,1905
A,A76GL,Interna,1930
A,A77GL,Interna,1956
A,A77.5GL,Interna,1969
A,A78GL,Interna,1981
A,A79GL,Interna,2007
A,A80GL,Interna,2032
A,A81GL,Interna,2057
A,A82GL,Interna,2083
A,A83GL,Interna,2108
A,A84GL,Interna,2134
A,A85GL,Interna,2159
A,A86GL,Interna,2184
A,A86.5,Interna,2197
A,A87GL,Interna,2210
A,A88GL,Interna,2235
A,A89GL,Interna,2261
A,A90GL,Interna,2286
A,A91GL,Interna,2311
A,A91.5GL,Interna,2324
A,A92GL,Interna,2337
A,A93GL,Interna,2362
A,A94GL,Interna,2388
A,A95GL,Interna,2413
A,A96GL,Interna,2438
A,A96.5GL,Interna,2451
A,A97GL,Interna,2464
A,A98GL,Interna,2489
A,A99GL,Interna,2515
A,A100GL,Interna,2540
A,A101GL,Interna,2565
A,A102GL,Interna,2591
A,A103GL,Interna,2616
A,A104GL,Interna,2642
A,A105GL,Interna,2667
A,A106GL,Interna,2692
A,A107GL,Interna,2718
A,A108GL,Interna,2743
A,A109GL,Interna,2769
A,A110GL,Interna,2794
A,A112GL,Interna,2845
A,A113GL,Interna,2870
A,A114GL,Interna,2896
A,A115GL,Interna,2921
A,A116GL,Interna,2946
A,A117GL,Interna,2972
A,A118GL,Interna,2997
A,A120GL,Interna,3048
A,A123GL,Interna,3124
A,A124GL,Interna,3150
A,A125GL,Interna,3175
A,A126GL,Interna,3200
A,A127GL,Interna,3226
A,A128GL,Interna,3251
A,A130GL,Interna,3302
A,A132GL,Interna,3353
A,A133GL,Interna,3378
A,A134GL,Interna,3404
A,A136GL,Interna,3454
A,A137GL,Interna,3480
A,A140GL,Interna,3556
A,A144GL,Interna,3658
A,A148GL,Interna,3759
A,A150GL,Interna,3810
A,A152GL,Interna,3861
A,A155GL,Interna,3937
A,A156GL,Interna,3962
A,A158GL,Interna,4013
A,A160GL,Interna,4064
A,A162GL,Interna,4115
A,A165GL,Interna,4191
A,A166GL,Interna,4216
A,A167GL,Interna,4242
A,A173GL,Interna,4394
A,A177GL,Interna,4496
A,A180GL,Interna,4572
A,A187GL,Interna,4750
A,A197GL,Interna,5004
A,A236.5GL,Interna,6007
B,B22.5GL,Interna,572
B,B23GL,Interna,584
B,B24GL,Interna,610
B,B25GL,Interna,635
B,B26GL,Interna,660
B,B27GL,Interna,686
B,B28GL,Interna,711
B,B29GL,Interna,737
B,B30GL,Interna,762
B,B31GL,Interna,787
B,B32GL,Interna,813
B,B32.5GL,Interna,826
B,B33GL,Interna,838
B,B33.5GL,Interna,851
B,B34GL,Interna,864
B,B34.5GL,Interna,876
B,B35GL,Interna,889
B,B35.5GL,Interna,902
B,B36GL,Interna,914
B,B36.5GL,Interna,927
B,B37GL,Interna,940
B,B37.5GL,Interna,953
B,B38GL,Interna,965
B,B38.5GL,Interna,978
B,B39GL,Interna,991
B,B39.5GL,Interna,1003
B,B40GL,Interna,1016
B,B40.5GL,Interna,1029
B,B41GL,Interna,1041
B,B42GL,Interna,1067
B,B42.5GL,Interna,1080
B,B43GL,Interna,1092
B,B43.5GL,Interna,1105
B,B44GL,Interna,1118
B,B45GL,Interna,1143
B,B45.5GL,Interna,1156
B,B46GL,Interna,1168
B,B46.5GL,Interna,1181
B,B47GL,Interna,1194
B,B48GL,Interna,1219
B,B49GL,Interna,1245
B,B50GL,Interna,1270
B,B51GL,Interna,1295
B,B52GL,Interna,1321
B,B53GL,Interna,1346
B,B54GL,Interna,1372
B,B55GL,Interna,1397
B,B56GL,Interna,1422
B,B57GL,Interna,1448
B,B58GL,Interna,1473
B,B59GL,Interna,1499
B,B60GL,Interna,1524
B,B61GL,Interna,1549
B,B62GL,Interna,1575
B,B63GL,Interna,1600
B,B64GL,Interna,1626
B,B65GL,Interna,1651
B,B66GL,Interna,1676
B,B67GL,Interna,1702
B,B68GL,Interna,1727
B,B69GL,Interna,1753
B,B69.5GL,Interna,1765
B,B70GL,Interna,1778
B,B71GL,Interna,1803
B,B72GL,Interna,1829
B,B73GL,Interna,1854
B,B74GL,Interna,1880
B,B75GL,Interna,1905
B,B76GL,Interna,1930
B,B77GL,Interna,1956
B,B78GL,Interna,1981
B,B79GL,Interna,2007
B,B80GL,Interna,2032
B,B81GL,Interna,2057
B,B82GL,Interna,2083
B,B83GL,Interna,2108
B,B84GL,Interna,2134
B,B85GL,Interna,2159
B,B86GL,Interna,2184
B,B86.5GL,Interna,2197
B,B87GL,Interna,2210
B,B88GL,Interna,2235
B,B88.5GL,Interna,2248
B,B89GL,Interna,2261
B,B90GL,Interna,2286
B,B91GL,Interna,2311
B,B92GL,Interna,2337
B,B93GL,Interna,2362
B,B94GL,Interna,2388
B,B94.5GL,Interna,2400
B,B95GL,Interna,2413
B,B96GL,Interna,2438
B,B97GL,Interna,2464
B,B98GL,Interna,2489
B,B99GL,Interna,2515
B,B100GL,Interna,2540
B,B101GL,Interna,2565
B,B102GL,Interna,2591
B,B103GL,Interna,2616
B,B104GL,Interna,2642
B,B105GL,Interna,2667
B,B106GL,Interna,2692
B,B107GL,Interna,2718
B,B108GL,Interna,2743
B,B109GL,Interna,2769
B,B110GL,Interna,2794
B,B111GL,Interna,2819
B,B112GL,Interna,2845
B,B113GL,Interna,2870
B,B114GL,Interna,2896
B,B115GL,Interna,2921
B,B116GL,Interna,2946
B,B116.5GL,Interna,2959
B,B117GL,Interna,2972
B,B118GL,Interna,2997
B,B119GL,Interna,3023
B,B120GL,Interna,3048
B,B121GL,Interna,3073
B,B122GL,Interna,3099
B,B123GL,Interna,3124
B,B124GL,Interna,3150
B,B125GL,Interna,3175
B,B126GL,Interna,3200
B,B127GL,Interna,3226
B,B128GL,Interna,3251
B,B130GL,Interna,3302
B,B131GL,Interna,3327
B,B132GL,Interna,3353
B,B133GL,Interna,3378
B,B134GL,Interna,3404
B,B135GL,Interna,3429
B,B136GL,Interna,3454
B,B137GL,Interna,3480
B,B138GL,Interna,3505
B,B139GL,Interna,3531
B,B140GL,Interna,3556
B,B141GL,Interna,3581
B,B142GL,Interna,3607
B,B143GL,Interna,3632
B,B144GL,Interna,3658
B,B145GL,Interna,3683
B,B146GL,Interna,3708
B,B147GL,Interna,3734
B,B148GL,Interna,3759
B,B149GL,Interna,3785
B,B150GL,Interna,3810
B,B151GL,Interna,3835
B,B152GL,Interna,3861
B,B153GL,Interna,3886
B,B154GL,Interna,3912
B,B155GL,Interna,3937
B,B156GL,Interna,3962
B,B157GL,Interna,3988
B,B158GL,Interna,4013
B,B159GL,Interna,4039
B,B160GL,Interna,4064
B,B162GL,Interna,4115
B,B163GL,Interna,4140
B,B164GL,Interna,4166
B,B165GL,Interna,4191
B,B166GL,Interna,4216
B,B167GL,Interna,4242
B,B168GL,Interna,4267
B,B170GL,Interna,4318
B,B172GL,Interna,4369
B,B173GL,Interna,4394
B,B174GL,Interna,4420
B,B175GL,Interna,4445
B,B177GL,Interna,4496
B,B178GL,Interna,4521
B,B180GL,Interna,4572
B,B182GL,Interna,4623
B,B184GL,Interna,4674
B,B185GL,Interna,4699
B,B187GL,Interna,4750
B,B188GL,Interna,4775
B,B190GL,Interna,4826
B,B191GL,Interna,4851
B,B192GL,Interna,4877
B,B195GL,Interna,4953
B,B197GL,Interna,5004
B,B198GL,Interna,5029
B,B199GL,Interna,5055
B,B200GL,Interna,5080
B,B204GL,Interna,5182
B,B205GL,Interna,5207
B,B208GL,Interna,5283
B,B210GL,Interna,5334
B,B215GL,Interna,5461
B,B220GL,Interna,5588
B,B223GL,Interna,5664
B,B225GL,Interna,5715
B,B228GL,Interna,5791
B,B229GL,Interna,5817
B,B235GL,Interna,5969
B,B236GL,Interna,5994
B,B238GL,Interna,6045
B,B240GL,Interna,6096
B,B248GL,Interna,6299
B,B249GL,Interna,6325
B,B253GL,Interna,6426
B,B255GL,Interna,6477
B,B256GL,Interna,6502
B,B270GL,Interna,6858
B,B275GL,Interna,6985
B,B276GL,Interna,7010
B,B280GL,Interna,7112
B,B285GL,Interna,7239
B,B292GL,Interna,7417
B,B300GL,Interna,7620
B,B315GL,Interna,8001
B,B330GL,Interna,8382
B,B345GL,Interna,8763
B,B355GL,Interna,9017
B,B360GL,Interna,9144
C,C43GL,Interna,1092
C,C46GL,Interna,1168
C,C47GL,Interna,1194
C,C48GL,Interna,1219
C,C49GL,Interna,1245
C,C50GL,Interna,1270
C,C51GL,Interna,1295
C,C52GL,Interna,1321
C,C53GL,Interna,1346
C,C54GL,Interna,1372
C,C55GL,Interna,1397
C,C56GL,Interna,1422
C,C57GL,Interna,1448
C,C58GL,Interna,1473
C,C59GL,Interna,1499
C,C60GL,Interna,1524
C,C61GL,Interna,1549
C,C62GL,Interna,1575
C,C62.25GL,Interna,1581
C,C63GL,Interna,1600
C,C64GL,Interna,1626
C,C65GL,Interna,1651
C,C66GL,Interna,1676
C,C67GL,Interna,1702
C,C68GL,Interna,1727
C,C69GL,Interna,1753
C,C70GL,Interna,1778
C,C71GL,Interna,1803
C,C72GL,Interna,1829
C,C72.5GL,Interna,1842
C,C73GL,Interna,1854
C,C74GL,Interna,1880
C,C75GL,Interna,1905
C,C76GL,Interna,1930
C,C77GL,Interna,1956
C,C78GL,Interna,1981
C,C79GL,Interna,2007
C,C80GL,Interna,2032
C,C81GL,Interna,2057
C,C82GL,Interna,2083
C,C83GL,Interna,2108
C,C84GL,Interna,2134
C,C85GL,Interna,2159
C,C86GL,Interna,2184
C,C87GL,Interna,2210
C,C88GL,Interna,2235
C,C89GL,Interna,2261
C,C90GL,Interna,2286
C,C91GL,Interna,2311
C,C92GL,Interna,2337
C,C93GL,Interna,2362
C,C94GL,Interna,2388
C,C95GL,Interna,2413
C,C96GL,Interna,2438
C,C96.5GL,Interna,2451
C,C97GL,Interna,2464
C,C98GL,Interna,2489
C,C99GL,Interna,2515
C,C100GL,Interna,2540
C,C101GL,Interna,2565
C,C102GL,Interna,2591
C,C103GL,Interna,2616
C,C104GL,Interna,2642
C,C105GL,Interna,2667
C,C106GL,Interna,2692
C,C107GL,Interna,2718
C,C108GL,Interna,2743
C,C109GL,Interna,2769
C,C110GL,Interna,2794
C,C111GL,Interna,2819
C,C112GL,Interna,2845
C,C113GL,Interna,2870
C,C114GL,Interna,2896
C,C115GL,Interna,2921
C,C116GL,Interna,2946
C,C117GL,Interna,2972
C,C118GL,Interna,2997
C,C119GL,Interna,3023
C,C120GL,Interna,3048
C,C121GL,Interna,3073
C,C122GL,Interna,3099
C,C123GL,Interna,3124
C,C124GL,Interna,3150
C,C125GL,Interna,3175
C,C126GL,Interna,3200
C,C127GL,Interna,3226
C,C128GL,Interna,3251
C,C129GL,Interna,3277
C,C130GL,Interna,3302
C,C131GL,Interna,3327
C,C132GL,Interna,3353
C,C133GL,Interna,3378
C,C134GL,Interna,3404
C,C135GL,Interna,3429
C,C136GL,Interna,3454
C,C137GL,Interna,3480
C,C138GL,Interna,3505
C,C140GL,Interna,3556
C,C141GL,Interna,3581
C,C142GL,Interna,3607
C,C143GL,Interna,3632
C,C144GL,Interna,3658
C,C145GL,Interna,3683
C,C146GL,Interna,3708
C,C147GL,Interna,3734
C,C148GL,Interna,3759
C,C149GL,Interna,3785
C,C150GL,Interna,3810
C,C151GL,Interna,3835
C,C152GL,Interna,3861
C,C153GL,Interna,3886
C,C154GL,Interna,3912
C,C155GL,Interna,3937
C,C156GL,Interna,3962
C,C158GL,Interna,4013
C,C159GL,Interna,4039
C,C160GL,Interna,4064
C,C161GL,Interna,4089
C,C162GL,Interna,4115
C,C163GL,Interna,4140
C,C164GL,Interna,4166
C,C165GL,Interna,4191
C,C166GL,Interna,4216
C,C167GL,Interna,4242
C,C168GL,Interna,4267
C,C169GL,Interna,4293
C,C170GL,Interna,4318
C,C172GL,Interna,4369
C,C173GL,Interna,4394
C,C175GL,Interna,4445
C,C177GL,Interna,4496
C,C178GL,Interna,4521
C,C180GL,Interna,4572
C,C181GL,Interna,4597
C,C182GL,Interna,4623
C,C183GL,Interna,4648
C,C184GL,Interna,4674
C,C185GL,Interna,4699
C,C187GL,Interna,4750
C,C188GL,Interna,4775
C,C189GL,Interna,4801
C,C190GL,Interna,4826
C,C192GL,Interna,4877
C,C193GL,Interna,4902
C,C194GL,Interna,4928
C,C195GL,Interna,4953
C,C196GL,Interna,4978
C,C197GL,Interna,5004
C,C198GL,Interna,5029
C,C200GL,Interna,5080
C,C202GL,Interna,5131
C,C204GL,Interna,5182
C,C205GL,Interna,5207
C,C206GL,Interna,5232
C,C207GL,Interna,5258
C,C208GL,Interna,5283
C,C210GL,Interna,5334
C,C212GL,Interna,5385
C,C215GL,Interna,5461
C,C216GL,Interna,5486
C,C218GL,Interna,5537
C,C220GL,Interna,5588
C,C221GL,Interna,5613
C,C222GL,Interna,5639
C,C225GL,Interna,5715
C,C228GL,Interna,5791
C,C230GL,Interna,5842
C,C232GL,Interna,5893
C,C235GL,Interna,5969
C,C236GL,Interna,5994
C,C238GL,Interna,6045
C,C240GL,Interna,6096
C,C242GL,Interna,6147
C,C245GL,Interna,6223
C,C246GL,Interna,6248
C,C248GL,Interna,6299
C,C250GL,Interna,6350
C,C255GL,Interna,6477
C,C262GL,Interna,6655
C,C264GL,Interna,6706
C,C265GL,Interna,6731
C,C270GL,Interna,6858
C,C276GL,Interna,7010
C,C280GL,Interna,7112
C,C285GL,Interna,7239
C,C295GL,Interna,7493
C,C297GL,Interna,7544
C,C300GL,Interna,7620
C,C303GL,Interna,7696
C,C314GL,Interna,7976
C,C315GL,Interna,8001
C,C316GL,Interna,8026
C,C330GL,Interna,8382
C,C336GL,Interna,8534
C,C345GL,Interna,8763
C,C360GL,Interna,9144
C,C390GL,Interna,9906
C,C420GL,Interna,10668
D,D79GL,Interna,2007
D,D90GL,Interna,2286
D,D98GL,Interna,2489
D,D104GL,Interna,2642
D,D105GL,Interna,2667
D,D110GL,Interna,2794
D,D115GL,Interna,2921
D,D118GL,Interna,2997
D,D120GL,Interna,3048
D,D124GL,Interna,3150
D,D126GL,Interna,3200
D,D128GL,Interna,3251
D,D132GL,Interna,3353
D,D135GL,Interna,3429
D,D136GL,Interna,3454
D,D140GL,Interna,3556
D,D144GL,Interna,3658
D,D148GL,Interna,3759
D,D152GL,Interna,3861
D,D154GL,Interna,3912
D,D155GL,Interna,3937
D,D156GL,Interna,3962
D,D158GL,Interna,4013
D,D160GL,Interna,4064
D,D162GL,Interna,4115
D,D164GL,Interna,4166
D,D165GL,Interna,4191
D,D167GL,Interna,4242
D,D170GL,Interna,4318
D,D171GL,Interna,4343
D,D173GL,Interna,4394
D,D177GL,Interna,4496
D,D180GL,Interna,4572
D,D187GL,Interna,4750
D,D195GL,Interna,4953
D,D197GL,Interna,5004
D,D208GL,Interna,5283
D,D210GL,Interna,5334
D,D220GL,Interna,5588
D,D224GL,Interna,5690
D,D225GL,Interna,5715
D,D230GL,Interna,5842
D,D233GL,Interna,5918
D,D236GL,Interna,5994
D,D240GL,Interna,6096
D,D248GL,Interna,6299
D,D250GL,Interna,6350
D,D255GL,Interna,6477
D,D260GL,Interna,6604
D,D264GL,Interna,6706
D,D270GL,Interna,6858
D,D275GL,Interna,6985
D,D280GL,Interna,7112
D,D285GL,Interna,7239
D,D295GL,Interna,7493
D,D300GL,Interna,7620
D,D315GL,Interna,8001
D,D330GL,Interna,8382
D,D335GL,Interna,8509
D,D345GL,Interna,8763
D,D354GL,Interna,8992
D,D355GL,Interna,9017
D,D360GL,Interna,9144
D,D374GL,Interna,9500
D,D380GL,Interna,9652
D,D390GL,Interna,9906
D,D394GL,Interna,10008
D,D418GL,Interna,10617
D,D420GL,Interna,10668
D,D436GL,Interna,11074
D,D441GL,Interna,11201
D,D450GL,Interna,11430
D,D480GL,Interna,12192
D,D492GL,Interna,12497
D,D540GL,Interna,13716
D,D600GL,Interna,15240
D,D660GL,Interna,16764
E,E144GL,Interna,3658
E,E158GL,Interna,4013
E,E180GL,Interna,4572
E,E195GL,Interna,4953
E,E202GL,Interna,5131
E,E210GL,Interna,5334
E,E225GL,Interna,5715
E,E240GL,Interna,6096
E,E270GL,Interna,6858
E,E300GL,Interna,7620
E,E310GL,Interna,7874
E,E325GL,Interna,8255
E,E330GL,Interna,8382
E,E360GL,Interna,9144
E,E390GL,Interna,9906
E,E420GL,Interna,10668
E,E441GL,Interna,11201
E,E480GL,Interna,12192
E,E540GL,Interna,13716
E,E600GL,Interna,15240
E,E660GL,Interna,16764
3V,3V560GL,Externa,1422
3V,3V600GL,Externa,1524
3V,3V630GL,Externa,1600
3V,3V650GL,Externa,1651
3V,3V670GL,Externa,1702
3V,3V710GL,Externa,1803
3V,3V730GL,Externa,1854
3V,3V750GL,Externa,1905
3V,3V780GL,Externa,1981
3V,3V800GL,Externa,2032
3V,3V830GL,Externa,2108
3V,3V850GL,Externa,2159
3V,3V900GL,Externa,2286
3V,3V950GL,Externa,2413
3V,3V1000GL,Externa,2540
3V,3V1060GL,Externa,2692
3V,3V1120GL,Externa,2845
3V,3V1180GL,Externa,2997
3V,3V1250GL,Externa,3175
3V,3V1320GL,Externa,3353
3V,3V1400GL,Externa,3556
3V,3V1450GL,Externa,3683
3V,3V1500GL,Externa,3810
5V,5V560GL,Externa,1422
5V,5V600GL,Externa,1524
5V,5V630GL,Externa,1600
5V,5V670GL,Externa,1702
5V,5V710GL,Externa,1803
5V,5V750GL,Externa,1905
5V,5V800GL,Externa,2032
5V,5V850GL,Externa,2159
5V,5V900GL,Externa,2286
5V,5V950GL,Externa,2413
5V,5V1000GL,Externa,2540
5V,5V1020GL,Externa,2591
5V,5V1060GL,Externa,2692
5V,5V1080GL,Externa,2743
5V,5V1120GL,Externa,2845
5V,5V1150GL,Externa,2921
5V,5V1180GL,Externa,2997
5V,5V1190GL,Externa,3023
5V,5V1250GL,Externa,3175
5V,5V1320GL,Externa,3353
5V,5V1400GL,Externa,3556
5V,5V1500GL,Externa,3810
5V,5V1600GL,Externa,4064
5V,5V1630GL,Externa,4140
5V,5V1700GL,Externa,4318
5V,5V1800GL,Externa,4572
5V,5V1850GL,Externa,4699
5V,5V1900GL,Externa,4826
5V,5V2000GL,Externa,5080
5V,5V2120GL,Externa,5385
5V,5V2240GL,Externa,5690
5V,5V2360GL,Externa,5994
5V,5V2500GL,Externa,6350
5V,5V2650GL,Externa,6731
5V,5V2800GL,Externa,7112
5V,5V3000GL,Externa,7620
5V,5V3150GL,Externa,8001
5V,5V3350GL,Externa,8509
5V,5V3550GL,Externa,9017
8V,8V1000GL,Externa,2540
8V,8V1060GL,Externa,2692
8V,8V1120GL,Externa,2845
8V,8V1180GL,Externa,2997
8V,8V1250GL,Externa,3175
8V,8V1320GL,Externa,3353
8V,8V1400GL,Externa,3556
8V,8V1500GL,Externa,3810
8V,8V1600GL,Externa,4064
8V,8V1700GL,Externa,4318
8V,8V1800GL,Externa,4572
8V,8V1900GL,Externa,4826
8V,8V2000GL,Externa,5080
8V,8V2120GL,Externa,5385
8V,8V2240GL,Externa,5690
8V,8V2300GL,Externa,5842
8V,8V2360GL,Externa,5994
8V,8V2500GL,Externa,6350
8V,8V2550GL,Externa,6477
8V,8V2650GL,Externa,6731
8V,8V2800GL,Externa,7112
8V,8V3000GL,Externa,7620
8V,8V3150GL,Externa,8001
8V,8V3300GL,Externa,8382
8V,8V3350GL,Externa,8509
8V,8V3550GL,Externa,9017
8V,8V3600GL,Externa,9144
8V,8V3750GL,Externa,9525
8V,8V4000GL,Externa,10160
8V,8V4250GL,Externa,10795
8V,8V4500GL,Externa,11430
8V,8V4750GL,Externa,12065
8V,8V5000GL,Externa,12700
8V,8V5600GL,Externa,14224
SPZ,SPZ637GL,Referencia,637
SPZ,SPZ662GL,Referencia,662
SPZ,SPZ687GL,Referencia,687
SPZ,SPZ710GL,Referencia,710
SPZ,SPZ737GL,Referencia,737
SPZ,SPZ750GL,Referencia,750
SPZ,SPZ762GL,Referencia,762
SPZ,SPZ772GL,Referencia,772
SPZ,SPZ787GL,Referencia,787
SPZ,SPZ800GL,Referencia,800
SPZ,SPZ812GL,Referencia,812
SPZ,SPZ825GL,Referencia,825
SPZ,SPZ837GL,Referencia,837
SPZ,SPZ850GL,Referencia,850
SPZ,SPZ862GL,Referencia,862
SPZ,SPZ875GL,Referencia,875
SPZ,SPZ887GL,Referencia,887
SPZ,SPZ900GL,Referencia,900
SPZ,SPZ912GL,Referencia,912
SPZ,SPZ925GL,Referencia,925
SPZ,SPZ937GL,Referencia,937
SPZ,SPZ950GL,Referencia,950
SPZ,SPZ962GL,Referencia,962
SPZ,SPZ987GL,Referencia,987
SPZ,SPZ1000GL,Referencia,1000
SPZ,SPZ1012GL,Referencia,1012
SPZ,SPZ1024GL,Referencia,1024
SPZ,SPZ1037GL,Referencia,1037
SPZ,SPZ1087GL,Referencia,1087
SPZ,SPZ1120GL,Referencia,1120
SPZ,SPZ1147GL,Referencia,1147
SPZ,SPZ1270GL,Referencia,1270
SPZ,SPZ1287GL,Referencia,1287
SPZ,SPZ1312GL,Referencia,1312
SPZ,SPZ1337GL,Referencia,1337
SPZ,SPZ1362GL,Referencia,1362
SPZ,SPZ1387GL,Referencia,1387
SPZ,SPZ1412GL,Referencia,1412
SPZ,SPZ1437GL,Referencia,1437
SPZ,SPZ1462GL,Referencia,1462
SPZ,SPZ1470GL,Referencia,1470
SPZ,SPZ1487GL,Referencia,1487
SPZ,SPZ1500GL,Referencia,1500
SPZ,SPZ1512GL,Referencia,1512
SPZ,SPZ1520GL,Referencia,1520
SPZ,SPZ1537GL,Referencia,1537
SPZ,SPZ1562GL,Referencia,1562
SPZ,SPZ1575GL,Referencia,1575
SPZ,SPZ1587GL,Referencia,1587
SPZ,SPZ1600GL,Referencia,1600
SPZ,SPZ1612GL,Referencia,1612
SPZ,SPZ1637GL,Referencia,1637
SPZ,SPZ1650GL,Referencia,1650
SPZ,SPZ1662GL,Referencia,1662
SPZ,SPZ1687GL,Referencia,1687
SPZ,SPZ1700GL,Referencia,1700
SPZ,SPZ1737GL,Referencia,1737
SPZ,SPZ1750GL,Referencia,1750
SPZ,SPZ1762GL,Referencia,1762
SPZ,SPZ1787GL,Referencia,1787
SPZ,SPZ1800GL,Referencia,1800
SPZ,SPZ1812GL,Referencia,1812
SPZ,SPZ1837GL,Referencia,1837
SPZ,SPZ1850GL,Referencia,1850
SPZ,SPZ1862GL,Referencia,1862
SPZ,SPZ1887GL,Referencia,1887
SPZ,SPZ1900GL,Referencia,1900
SPZ,SPZ1937GL,Referencia,1937
SPZ,SPZ1950GL,Referencia,1950
SPZ,SPZ1962GL,Referencia,1962
SPZ,SPZ1987GL,Referencia,1987
SPZ,SPZ2000GL,Referencia,2000
SPZ,SPZ2030GL,Referencia,2030
SPZ,SPZ2037GL,Referencia,2037
SPZ,SPZ2060GL,Referencia,2060
SPZ,SPZ2062GL,Referencia,2062
SPZ,SPZ2087GL,Referencia,2087
SPZ,SPZ2100GL,Referencia,2100
SPZ,SPZ2120GL,Referencia,2120
SPZ,SPZ2130GL,Referencia,2130
SPZ,SPZ2137GL,Referencia,2137
SPZ,SPZ2150GL,Referencia,2150
SPZ,SPZ2160GL,Referencia,2160
SPZ,SPZ2180GL,Referencia,2180
SPZ,SPZ2187GL,Referencia,2187
SPZ,SPZ2240GL,Referencia,2240
SPZ,SPZ2287GL,Referencia,2287
SPZ,SPZ2300GL,Referencia,2300
SPZ,SPZ2360GL,Referencia,2360
SPZ,SPZ2387GL,Referencia,2387
SPZ,SPZ2410GL,Referencia,2410
SPZ,SPZ2437GL,Referencia,2437
SPZ,SPZ2487GL,Referencia,2487
SPZ,SPZ2500GL,Referencia,2500
SPZ,SPZ2540GL,Referencia,2540
SPZ,SPZ2650GL,Referencia,2650
SPZ,SPZ2800GL,Referencia,2800
SPZ,SPZ2840GL,Referencia,2840
SPZ,SPZ3000GL,Referencia,3000
SPZ,SPZ3150GL,Referencia,3150
SPZ,SPZ3350GL,Referencia,3350
SPZ,SPZ3550GL,Referencia,3550
SPA,SPA1482GL,Referencia,1482
SPA,SPA1500GL,Referencia,1500
SPA,SPA1507GL,Referencia,1507
SPA,SPA1525GL,Referencia,1525
SPA,SPA1532GL,Referencia,1532
SPA,SPA1550GL,Referencia,1550
SPA,SPA1557GL,Referencia,1557
SPA,SPA1582GL,Referencia,1582
SPA,SPA1600GL,Referencia,1600
SPA,SPA1607GL,Referencia,1607
SPA,SPA1632GL,Referencia,1632
SPA,SPA1637GL,Referencia,1637
SPA,SPA1650GL,Referencia,1650
SPA,SPA1657GL,Referencia,1657
SPA,SPA1675GL,Referencia,1675
SPA,SPA1682GL,Referencia,1682
SPA,SPA1700GL,Referencia,1700
SPA,SPA1707GL,Referencia,1707
SPA,SPA1732GL,Referencia,1732
SPA,SPA1750GL,Referencia,1750
SPA,SPA1757GL,Referencia,1757
SPA,SPA1782GL,Referencia,1782
SPA,SPA1800GL,Referencia,1800
SPA,SPA1807GL,Referencia,1807
SPA,SPA1832GL,Referencia,1832
SPA,SPA1850GL,Referencia,1850
SPA,SPA1857GL,Referencia,1857
SPA,SPA1882GL,Referencia,1882
SPA,SPA1900GL,Referencia,1900
SPA,SPA1907GL,Referencia,1907
SPA,SPA1925GL,Referencia,1925
SPA,SPA1932GL,Referencia,1932
SPA,SPA1950GL,Referencia,1950
SPA,SPA1957GL,Referencia,1957
SPA,SPA1982GL,Referencia,1982
SPA,SPA2000GL,Referencia,2000
SPA,SPA2032GL,Referencia,2032
SPA,SPA2057GL,Referencia,2057
SPA,SPA2082GL,Referencia,2082
SPA,SPA2100GL,Referencia,2100
SPA,SPA2120GL,Referencia,2120
SPA,SPA2132GL,Referencia,2132
SPA,SPA2150GL,Referencia,2150
SPA,SPA2180GL,Referencia,2180
SPA,SPA2182GL,Referencia,2182
SPA,SPA2207GL,Referencia,2207
SPA,SPA2232GL,Referencia,2232
SPA,SPA2240GL,Referencia,2240
SPA,SPA2282GL,Referencia,2282
SPA,SPA2300GL,Referencia,2300
SPA,SPA2307GL,Referencia,2307
SPA,SPA2332GL,Referencia,2332
SPA,SPA2360GL,Referencia,2360
SPA,SPA2382GL,Referencia,2382
SPA,SPA2400GL,Referencia,2400
SPA,SPA2425GL,Referencia,2425
SPA,SPA2432GL,Referencia,2432
SPA,SPA2450GL,Referencia,2450
SPA,SPA2482GL,Referencia,2482
SPA,SPA2500GL,Referencia,2500
SPA,SPA2532GL,Referencia,2532
SPA,SPA2550GL,Referencia,2550
SPA,SPA2582GL,Referencia,2582
SPA,SPA2600GL,Referencia,2600
SPA,SPA2607GL,Referencia,2607
SPA,SPA2632GL,Referencia,2632
SPA,SPA2650GL,Referencia,2650
SPA,SPA2682GL,Referencia,2682
SPA,SPA2700GL,Referencia,2700
SPA,SPA2720GL,Referencia,2720
SPA,SPA2732GL,Referencia,2732
SPA,SPA2750GL,Referencia,2750
SPA,SPA2782GL,Referencia,2782
SPA,SPA2800GL,Referencia,2800
SPA,SPA2832GL,Referencia,2832
SPA,SPA2847GL,Referencia,2847
SPA,SPA2882GL,Referencia,2882
SPA,SPA2900GL,Referencia,2900
SPA,SPA2932GL,Referencia,2932
SPA,SPA2950GL,Referencia,2950
SPA,SPA2982GL,Referencia,2982
SPA,SPA3000GL,Referencia,3000
SPA,SPA3032GL,Referencia,3032
SPA,SPA3082GL,Referencia,3082
SPA,SPA3150GL,Referencia,3150
SPA,SPA3182GL,Referencia,3182
SPA,SPA3200GL,Referencia,3200
SPA,SPA3250GL,Referencia,3250
SPA,SPA3282GL,Referencia,3282
SPA,SPA3350GL,Referencia,3350
SPA,SPA3382GL,Referencia,3382
SPA,SPA3450GL,Referencia,3450
SPA,SPA3500GL,Referencia,3500
SPA,SPA3550GL,Referencia,3550
SPA,SPA3650GL,Referencia,3650
SPA,SPA3750GL,Referencia,3750
SPA,SPA4000GL,Referencia,4000
SPA,SPA4250GL,Referencia,4250
SPA,SPA4500GL,Referencia,4500
SPB,SPB1500GL,Referencia,1500
SPB,SPB1520GL,Referencia,1520
SPB,SPB1525GL,Referencia,1525
SPB,SPB1550GL,Referencia,1550
SPB,SPB1600GL,Referencia,1600
SPB,SPB1650GL,Referencia,1650
SPB,SPB1675GL,Referencia,1675
SPB,SPB1700GL,Referencia,1700
SPB,SPB1725GL,Referencia,1725
SPB,SPB1750GL,Referencia,1750
SPB,SPB1800GL,Referencia,1800
SPB,SPB1850GL,Referencia,1850
SPB,SPB1860GL,Referencia,1860
SPB,SPB1900GL,Referencia,1900
SPB,SPB1930GL,Referencia,1930
SPB,SPB1950GL,Referencia,1950
SPB,SPB2000GL,Referencia,2000
SPB,SPB2020GL,Referencia,2020
SPB,SPB2030GL,Referencia,2030
SPB,SPB2050GL,Referencia,2050
SPB,SPB2060GL,Referencia,2060
SPB,SPB2080GL,Referencia,2080
SPB,SPB2100GL,Referencia,2100
SPB,SPB2120GL,Referencia,2120
SPB,SPB2150GL,Referencia,2150
SPB,SPB2180GL,Referencia,2180
SPB,SPB2210GL,Referencia,2210
SPB,SPB2240GL,Referencia,2240
SPB,SPB2280GL,Referencia,2280
SPB,SPB2300GL,Referencia,2300
SPB,SPB2320GL,Referencia,2320
SPB,SPB2360GL,Referencia,2360
SPB,SPB2391GL,Referencia,2391
SPB,SPB2400GL,Referencia,2400
SPB,SPB2410GL,Referencia,2410
SPB,SPB2430GL,Referencia,2430
SPB,SPB2450GL,Referencia,2450
SPB,SPB2475GL,Referencia,2475
SPB,SPB2500GL,Referencia,2500
SPB,SPB2530GL,Referencia,2530
SPB,SPB2550GL,Referencia,2550
SPB,SPB2580GL,Referencia,2580
SPB,SPB2600GL,Referencia,2600
SPB,SPB2650GL,Referencia,2650
SPB,SPB2680GL,Referencia,2680
SPB,SPB2700GL,Referencia,2700
SPB,SPB2720GL,Referencia,2720
SPB,SPB2732GL,Referencia,2732
SPB,SPB2750GL,Referencia,2750
SPB,SPB2800GL,Referencia,2800
SPB,SPB2840GL,Referencia,2840
SPB,SPB2850GL,Referencia,2850
SPB,SPB2900GL,Referencia,2900
SPB,SPB2920GL,Referencia,2920
SPB,SPB2950GL,Referencia,2950
SPB,SPB3000GL,Referencia,3000
SPB,SPB3050GL,Referencia,3050
SPB,SPB3070GL,Referencia,3070
SPB,SPB3100GL,Referencia,3100
SPB,SPB3150GL,Referencia,3150
SPB,SPB3170GL,Referencia,3170
SPB,SPB3200GL,Referencia,3200
SPB,SPB3250GL,Referencia,3250
SPB,SPB3300GL,Referencia,3300
SPB,SPB3340GL,Referencia,3340
SPB,SPB3350GL,Referencia,3350
SPB,SPB3450GL,Referencia,3450
SPB,SPB3500GL,Referencia,3500
SPB,SPB3550GL,Referencia,3550
SPB,SPB3650GL,Referencia,3650
SPB,SPB3750GL,Referencia,3750
SPB,SPB3800GL,Referencia,3800
SPB,SPB3870GL,Referencia,3870
SPB,SPB4000GL,Referencia,4000
SPB,SPB4060GL,Referencia,4060
SPB,SPB4120GL,Referencia,4120
SPB,SPB4250GL,Referencia,4250
SPB,SPB4310GL,Referencia,4310
SPB,SPB4370GL,Referencia,4370
SPB,SPB4500GL,Referencia,4500
SPB,SPB4560GL,Referencia,4560
SPB,SPB4750GL,Referencia,4750
SPB,SPB4820GL,Referencia,4820
SPB,SPB5000GL,Referencia,5000
SPB,SPB5300GL,Referencia,5300
SPB,SPB5600GL,Referencia,5600
SPB,SPB6000GL,Referencia,6000
SPB,SPB6300GL,Referencia,6300
SPB,SPB6700GL,Referencia,6700
SPB,SPB7100GL,Referencia,7100
SPB,SPB7500GL,Referencia,7500
SPB,SPB8000GL,Referencia,8000
SPB,SPB9500GL,Referencia,9500
SPC,SPC2000GL,Referencia,2000
SPC,SPC2120GL,Referencia,2120
SPC,SPC2240GL,Referencia,2240
SPC,SPC2340GL,Referencia,2340
SPC,SPC2360GL,Referencia,2360
SPC,SPC2400GL,Referencia,2400
SPC,SPC2500GL,Referencia,2500
SPC,SPC2600GL,Referencia,2600
SPC,SPC2650GL,Referencia,2650
SPC,SPC2700GL,Referencia,2700
SPC,SPC2750GL,Referencia,2750
SPC,SPC2800GL,Referencia,2800
SPC,SPC2850GL,Referencia,2850
SPC,SPC2890GL,Referencia,2890
SPC,SPC2900GL,Referencia,2900
SPC,SPC2950GL,Referencia,2950
SPC,SPC3000GL,Referencia,3000
SPC,SPC3150GL,Referencia,3150
SPC,SPC3200GL,Referencia,3200
SPC,SPC3250GL,Referencia,3250
SPC,SPC3300GL,Referencia,3300
SPC,SPC3350GL,Referencia,3350
SPC,SPC3400GL,Referencia,3400
SPC,SPC3450GL,Referencia,3450
SPC,SPC3500GL,Referencia,3500
SPC,SPC3550GL,Referencia,3550
SPC,SPC3750GL,Referencia,3750
SPC,SPC4000GL,Referencia,4000
SPC,SPC4250GL,Referencia,4250
SPC,SPC4400GL,Referencia,4400
SPC,SPC4500GL,Referencia,4500
SPC,SPC4710GL,Referencia,4710
SPC,SPC4750GL,Referencia,4750
SPC,SPC5000GL,Referencia,5000
SPC,SPC5300GL,Referencia,5300
SPC,SPC5600GL,Referencia,5600
SPC,SPC5800GL,Referencia,5800
SPC,SPC6000GL,Referencia,6000
SPC,SPC6250GL,Referencia,6250
SPC,SPC6300GL,Referencia,6300
SPC,SPC6700GL,Referencia,6700
SPC,SPC6800GL,Referencia,6800
SPC,SPC7000GL,Referencia,7000
SPC,SPC7100GL,Referencia,7100
SPC,SPC7500GL,Referencia,7500
SPC,SPC7800GL,Referencia,7800
SPC,SPC8000GL,Referencia,8000
SPC,SPC8500GL,Referencia,8500
SPC,SPC8750GL,Referencia,8750
SPC,SPC9000GL,Referencia,9000
SPC,SPC9500GL,Referencia,9500
SPC,SPC10000GL,Referencia,10000
SPC,SPC10600GL,Referencia,10600
SPC,SPC11200GL,Referencia,11200
ZX,ZX18GL,Interna,457
ZX,ZX19.5GL,Interna,495
ZX,ZX20GL,Interna,508
ZX,ZX20.5GL,Interna,521
ZX,ZX21GL,Interna,533
ZX,ZX21.25GL,Interna,540
ZX,ZX21.75GL,Interna,552
ZX,ZX22GL,Interna,559
ZX,ZX22.25GL,Interna,565
ZX,ZX22.5GL,Interna,572
ZX,ZX23GL,Interna,584
ZX,ZX23.5GL,Interna,597
ZX,ZX23.75GL,Interna,603
ZX,ZX24GL,Interna,610
ZX,ZX24.75GL,Interna,629
ZX,ZX25GL,Interna,635
ZX,ZX25.5GL,Interna,648
ZX,ZX25.75GL,Interna,654
ZX,ZX26GL,Interna,660
ZX,ZX26.5GL,Interna,673
ZX,ZX27GL,Interna,686
ZX,ZX27.5GL,Interna,699
ZX,ZX28GL,Interna,711
ZX,ZX28.5GL,Interna,724
ZX,ZX29GL,Interna,737
ZX,ZX29.5GL,Interna,749
ZX,ZX30GL,Interna,762
ZX,ZX30.5GL,Interna,775
ZX,ZX30.75GL,Interna,781
ZX,ZX31GL,Interna,787
ZX,ZX31.5GL,Interna,800
ZX,ZX32GL,Interna,813
ZX,ZX32.5GL,Interna,826
ZX,ZX33GL,Interna,838
ZX,ZX33.5GL,Interna,851
ZX,ZX34GL,Interna,864
ZX,ZX34.25GL,Interna,870
ZX,ZX34.5GL,Interna,876
ZX,ZX35GL,Interna,889
ZX,ZX35.5GL,Interna,902
ZX,ZX36GL,Interna,914
ZX,ZX36.5GL,Interna,927
ZX,ZX36.75GL,Interna,933
ZX,ZX37GL,Interna,940
ZX,ZX37.5GL,Interna,953
ZX,ZX38GL,Interna,965
ZX,ZX38.25GL,Interna,972
ZX,ZX38.5GL,Interna,978
ZX,ZX39GL,Interna,991
ZX,ZX39.5GL,Interna,1003
ZX,ZX40GL,Interna,1016
ZX,ZX40.5GL,Interna,1029
ZX,ZX41GL,Interna,1041
ZX,ZX41.5GL,Interna,1054
ZX,ZX41.75GL,Interna,1060
ZX,ZX42GL,Interna,1067
ZX,ZX42.5GL,Interna,1080
ZX,ZX43GL,Interna,1092
ZX,ZX43.25GL,Interna,1099
ZX,ZX44GL,Interna,1118
ZX,ZX45GL,Interna,1143
ZX,ZX46GL,Interna,1168
ZX,ZX46.75GL,Interna,1187
ZX,ZX47GL,Interna,1194
ZX,ZX47.5GL,Interna,1207
ZX,ZX47.75GL,Interna,1213
ZX,ZX48GL,Interna,1219
ZX,ZX49GL,Interna,1245
ZX,ZX50GL,Interna,1270
ZX,ZX50.5GL,Interna,1283
ZX,ZX51GL,Interna,1295
ZX,ZX52GL,Interna,1321
ZX,ZX53GL,Interna,1346
ZX,ZX54GL,Interna,1372
ZX,ZX55GL,Interna,1397
ZX,ZX56GL,Interna,1422
ZX,ZX57GL,Interna,1448
ZX,ZX58GL,Interna,1473
ZX,ZX59GL,Interna,1499
ZX,ZX59.5GL,Interna,1511
ZX,ZX60GL,Interna,1524
ZX,ZX61GL,Interna,1549
ZX,ZX62GL,Interna,1575
ZX,ZX63GL,Interna,1600
ZX,ZX64GL,Interna,1626
ZX,ZX65GL,Interna,1651
ZX,ZX66GL,Interna,1676
ZX,ZX67GL,Interna,1702
ZX,ZX68GL,Interna,1727
ZX,ZX69GL,Interna,1753
ZX,ZX70GL,Interna,1778
ZX,ZX71GL,Interna,1803
ZX,ZX73GL,Interna,1854
ZX,ZX75GL,Interna,1905
ZX,ZX76GL,Interna,1930
ZX,ZX78GL,Interna,1981
ZX,ZX79GL,Interna,2007
ZX,ZX80GL,Interna,2032
ZX,ZX83GL,Interna,2108
ZX,ZX85GL,Interna,2159
ZX,ZX88GL,Interna,2235
ZX,ZX90GL,Interna,2286
ZX,ZX95GL,Interna,2413
ZX,ZX98GL,Interna,2489
AX,AX18GL,Interna,457
AX,AX19GL,Interna,483
AX,AX20GL,Interna,508
AX,AX21GL,Interna,533
AX,AX22GL,Interna,559
AX,AX22.75GL,Interna,578
AX,AX23GL,Interna,584
AX,AX23.5GL,Interna,597
AX,AX24GL,Interna,610
AX,AX25GL,Interna,635
AX,AX25.5GL,Interna,648
AX,AX26GL,Interna,660
AX,AX26.5GL,Interna,673
AX,AX27GL,Interna,686
AX,AX27.5GL,Interna,699
AX,AX28GL,Interna,711
AX,AX28.5GL,Interna,724
AX,AX29GL,Interna,737
AX,AX29.5GL,Interna,749
AX,AX30GL,Interna,762
AX,AX30.5GL,Interna,775
AX,AX31GL,Interna,787
AX,AX31.5GL,Interna,800
AX,AX32GL,Interna,813
AX,AX32.5GL,Interna,826
AX,AX33GL,Interna,838
AX,AX33.5GL,Interna,851
AX,AX34GL,Interna,864
AX,AX35GL,Interna,889
AX,AX35.5GL,Interna,902
AX,AX36GL,Interna,914
AX,AX36.25GL,Interna,921
AX,AX36.5GL,Interna,927
AX,AX37GL,Interna,940
AX,AX37.5GL,Interna,953
AX,AX38GL,Interna,965
AX,AX38.5GL,Interna,978
AX,AX39GL,Interna,991
AX,AX40GL,Interna,1016
AX,AX40.5GL,Interna,1029
AX,AX41GL,Interna,1041
AX,AX41.5GL,Interna,1054
AX,AX42GL,Interna,1067
AX,AX42.5GL,Interna,1080
AX,AX43GL,Interna,1092
AX,AX44GL,Interna,1118
AX,AX45GL,Interna,1143
AX,AX45.25GL,Interna,1149
AX,AX45.5GL,Interna,1156
AX,AX46GL,Interna,1168
AX,AX46.5GL,Interna,1181
AX,AX47GL,Interna,1194
AX,AX48GL,Interna,1219
AX,AX49GL,Interna,1245
AX,AX50GL,Interna,1270
AX,AX51GL,Interna,1295
AX,AX52GL,Interna,1321
AX,AX53GL,Interna,1346
AX,AX54GL,Interna,1372
AX,AX55GL,Interna,1397
AX,AX56GL,Interna,1422
AX,AX57GL,Interna,1448
AX,AX58GL,Interna,1473
AX,AX59GL,Interna,1499
AX,AX60GL,Interna,1524
AX,AX61GL,Interna,1549
AX,AX62GL,Interna,1575
AX,AX63GL,Interna,1600
AX,AX63.5GL,Interna,1613
AX,AX64GL,Interna,1626
AX,AX65GL,Interna,1651
AX,AX65.5GL,Interna,1664
AX,AX66GL,Interna,1676
AX,AX67GL,Interna,1702
AX,AX67.5GL,Interna,1715
AX,AX68GL,Interna,1727
AX,AX69GL,Interna,1753
AX,AX70GL,Interna,1778
AX,AX71GL,Interna,1803
AX,AX71.5GL,Interna,1816
AX,AX72GL,Interna,1829
AX,AX73GL,Interna,1854
AX,AX74GL,Interna,1880
AX,AX75GL,Interna,1905
AX,AX75.5GL,Interna,1918
AX,AX76GL,Interna,1930
AX,AX77GL,Interna,1956
AX,AX78GL,Interna,1981
AX,AX79GL,Interna,2007
AX,AX80GL,Interna,2032
AX,AX81GL,Interna,2057
AX,AX82GL,Interna,2083
AX,AX83GL,Interna,2108
AX,AX84GL,Interna,2134
AX,AX85GL,Interna,2159
AX,AX86GL,Interna,2184
AX,AX87GL,Interna,2210
AX,AX88GL,Interna,2235
AX,AX89GL,Interna,2261
AX,AX90GL,Interna,2286
AX,AX91GL,Interna,2311
AX,AX92GL,Interna,2337
AX,AX93GL,Interna,2362
AX,AX94GL,Interna,2388
AX,AX95GL,Interna,2413
AX,AX96GL,Interna,2438
AX,AX97GL,Interna,2464
AX,AX98GL,Interna,2489
AX,AX100GL,Interna,2540
AX,AX101GL,Interna,2565
AX,AX102GL,Interna,2591
AX,AX103GL,Interna,2616
AX,AX105GL,Interna,2667
AX,AX106GL,Interna,2692
AX,AX107GL,Interna,2718
AX,AX108GL,Interna,2743
AX,AX109GL,Interna,2769
AX,AX110GL,Interna,2794
AX,AX112GL,Interna,2845
AX,AX114GL,Interna,2896
AX,AX115GL,Interna,2921
AX,AX118GL,Interna,2997
AX,AX120GL,Interna,3048
AX,AX128GL,Interna,3251
AX,AX130GL,Interna,3302
AX,AX136GL,Interna,3454
BX,BX22GL,Interna,559
BX,BX23GL,Interna,584
BX,BX24GL,Interna,610
BX,BX25GL,Interna,635
BX,BX26GL,Interna,660
BX,BX26.5GL,Interna,673
BX,BX27GL,Interna,686
BX,BX28GL,Interna,711
BX,BX28.5GL,Interna,724
BX,BX29GL,Interna,737
BX,BX29.5GL,Interna,749
BX,BX30GL,Interna,762
BX,BX31GL,Interna,787
BX,BX31.5GL,Interna,800
BX,BX32GL,Interna,813
BX,BX32.5GL,Interna,826
BX,BX33GL,Interna,838
BX,BX33.5GL,Interna,851
BX,BX34GL,Interna,864
BX,BX34.5GL,Interna,876
BX,BX35GL,Interna,889
BX,BX35.5GL,Interna,902
BX,BX35.75GL,Interna,908
BX,BX36GL,Interna,914
BX,BX36.25GL,Interna,921
BX,BX36.5GL,Interna,927
BX,BX37GL,Interna,940
BX,BX37.5GL,Interna,953
BX,BX38GL,Interna,965
BX,BX38.5GL,Interna,978
BX,BX39GL,Interna,991
BX,BX39.5GL,Interna,1003
BX,BX40GL,Interna,1016
BX,BX40.5GL,Interna,1029
BX,BX41GL,Interna,1041
BX,BX41.5GL,Interna,1054
BX,BX42GL,Interna,1067
BX,BX42.5GL,Interna,1080
BX,BX43GL,Interna,1092
BX,BX43.25GL,Interna,1099
BX,BX44GL,Interna,1118
BX,BX45GL,Interna,1143
BX,BX45.5GL,Interna,1156
BX,BX46GL,Interna,1168
BX,BX46.5GL,Interna,1181
BX,BX47GL,Interna,1194
BX,BX47.5GL,Interna,1207
BX,BX48GL,Interna,1219
BX,BX49GL,Interna,1245
BX,BX49.5GL,Interna,1257
BX,BX50GL,Interna,1270
BX,BX50.5GL,Interna,1283
BX,BX51GL,Interna,1295
BX,BX52GL,Interna,1321
BX,BX52.5GL,Interna,1334
BX,BX53GL,Interna,1346
BX,BX53.5GL,Interna,1359
BX,BX54GL,Interna,1372
BX,BX55GL,Interna,1397
BX,BX56GL,Interna,1422
BX,BX57GL,Interna,1448
BX,BX57.5GL,Interna,1461
BX,BX58GL,Interna,1473
BX,BX59GL,Interna,1499
BX,BX60GL,Interna,1524
BX,BX61GL,Interna,1549
BX,BX61.5GL,Interna,1562
BX,BX62GL,Interna,1575
BX,BX63GL,Interna,1600
BX,BX63.5GL,Interna,1613
BX,BX64GL,Interna,1626
BX,BX65GL,Interna,1651
BX,BX66GL,Interna,1676
BX,BX67GL,Interna,1702
BX,BX67.5GL,Interna,1715
BX,BX68GL,Interna,1727
BX,BX69GL,Interna,1753
BX,BX69.5GL,Interna,1765
BX,BX70GL,Interna,1778
BX,BX71GL,Interna,1803
BX,BX72GL,Interna,1829
BX,BX73GL,Interna,1854
BX,BX74GL,Interna,1880
BX,BX75GL,Interna,1905
BX,BX76GL,Interna,1930
BX,BX77GL,Interna,1956
BX,BX78GL,Interna,1981
BX,BX79GL,Interna,2007
BX,BX80GL,Interna,2032
BX,BX81GL,Interna,2057
BX,BX82GL,Interna,2083
BX,BX83GL,Interna,2108
BX,BX83.5GL,Interna,2121
BX,BX84GL,Interna,2134
BX,BX85GL,Interna,2159
BX,BX86GL,Interna,2184
BX,BX87GL,Interna,2210
BX,BX88GL,Interna,2235
BX,BX89GL,Interna,2261
BX,BX90GL,Interna,2286
BX,BX91GL,Interna,2311
BX,BX91.5GL,Interna,2324
BX,BX92GL,Interna,2337
BX,BX93GL,Interna,2362
BX,BX94GL,Interna,2388
BX,BX95GL,Interna,2413
BX,BX96GL,Interna,2438
BX,BX97GL,Interna,2464
BX,BX98GL,Interna,2489
BX,BX99GL,Interna,2515
BX,BX100GL,Interna,2540
BX,BX101GL,Interna,2565
BX,BX102GL,Interna,2591
BX,BX102.5GL,Interna,2604
BX,BX103GL,Interna,2616
BX,BX104GL,Interna,2642
BX,BX105GL,Interna,2667
BX,BX106GL,Interna,2692
BX,BX107GL,Interna,2718
BX,BX108GL,Interna,2743
BX,BX108.5GL,Interna,2756
BX,BX110GL,Interna,2794
BX,BX111GL,Interna,2819
BX,BX112GL,Interna,2845
BX,BX113GL,Interna,2870
BX,BX114GL,Interna,2896
BX,BX115GL,Interna,2921
BX,BX116GL,Interna,2946
BX,BX118GL,Interna,2997
BX,BX119GL,Interna,3023
BX,BX120GL,Interna,3048
BX,BX123GL,Interna,3124
BX,BX124GL,Interna,3150
BX,BX126GL,Interna,3200
BX,BX128GL,Interna,3251
BX,BX130GL,Interna,3302
BX,BX132GL,Interna,3353
BX,BX136GL,Interna,3454
CX,CX42GL,Interna,1067
CX,CX43GL,Interna,1092
CX,CX46.5GL,Interna,1181
CX,CX47GL,Interna,1194
CX,CX49GL,Interna,1245
CX,CX50GL,Interna,1270
CX,CX51GL,Interna,1295
CX,CX52GL,Interna,1321
CX,CX53GL,Interna,1346
CX,CX54GL,Interna,1372
CX,CX55GL,Interna,1397
CX,CX56GL,Interna,1422
CX,CX57GL,Interna,1448
CX,CX58GL,Interna,1473
CX,CX59GL,Interna,1499
CX,CX60GL,Interna,1524
CX,CX61GL,Interna,1549
CX,CX62GL,Interna,1575
CX,CX63GL,Interna,1600
CX,CX64GL,Interna,1626
CX,CX65GL,Interna,1651
CX,CX66GL,Interna,1676
CX,CX67GL,Interna,1702
CX,CX68GL,Interna,1727
CX,CX69GL,Interna,1753
CX,CX70GL,Interna,1778
CX,CX71GL,Interna,1803
CX,CX72GL,Interna,1829
CX,CX73GL,Interna,1854
CX,CX74GL,Interna,1880
CX,CX74.5GL,Interna,1892
CX,CX75GL,Interna,1905
CX,CX76GL,Interna,1930
CX,CX76.25GL,Interna,1937
CX,CX77GL,Interna,1956
CX,CX78GL,Interna,1981
CX,CX79GL,Interna,2007
CX,CX80GL,Interna,2032
CX,CX81GL,Interna,2057
CX,CX82GL,Interna,2083
CX,CX83GL,Interna,2108
CX,CX84GL,Interna,2134
CX,CX85GL,Interna,2159
CX,CX86GL,Interna,2184
CX,CX87GL,Interna,2210
CX,CX88GL,Interna,2235
CX,CX89GL,Interna,2261
CX,CX90GL,Interna,2286
CX,CX91GL,Interna,2311
CX,CX92GL,Interna,2337
CX,CX93GL,Interna,2362
CX,CX94GL,Interna,2388
CX,CX95GL,Interna,2413
CX,CX96GL,Interna,2438
CX,CX97GL,Interna,2464
CX,CX98GL,Interna,2489
CX,CX98.5GL,Interna,2502
CX,CX99GL,Interna,2515
CX,CX100GL,Interna,2540
CX,CX101GL,Interna,2565
CX,CX102GL,Interna,2591
CX,CX103GL,Interna,2616
CX,CX104GL,Interna,2642
CX,CX105GL,Interna,2667
CX,CX107GL,Interna,2718
CX,CX108GL,Interna,2743
CX,CX109GL,Interna,2769
CX,CX110GL,Interna,2794
CX,CX111GL,Interna,2819
CX,CX112GL,Interna,2845
CX,CX113GL,Interna,2870
CX,CX114GL,Interna,2896
CX,CX115GL,Interna,2921
CX,CX116GL,Interna,2946
CX,CX117GL,Interna,2972
CX,CX118GL,Interna,2997
CX,CX119GL,Interna,3023
CX,CX120GL,Interna,3048
CX,CX124GL,Interna,3150
3VX,3VX220GL,Externa,559
3VX,3VX230GL,Externa,584
3VX,3VX250GL,Externa,635
3VX,3VX255GL,Externa,648
3VX,3VX260GL,Externa,660
3VX,3VX265GL,Externa,673
3VX,3VX270GL,Externa,686
3VX,3VX275GL,Externa,699
3VX,3VX280GL,Externa,711
3VX,3VX290GL,Externa,737
3VX,3VX295GL,Externa,749
3VX,3VX300GL,Externa,762
3VX,3VX305GL,Externa,775
3VX,3VX310GL,Externa,787
3VX,3VX315GL,Externa,800
3VX,3VX320GL,Externa,813
3VX,3VX325GL,Externa,826
3VX,3VX330GL,Externa,838
3VX,3VX335GL,Externa,851
3VX,3VX340GL,Externa,864
3VX,3VX345GL,Externa,876
3VX,3VX350GL,Externa,889
3VX,3VX355GL,Externa,902
3VX,3VX360GL,Externa,914
3VX,3VX365GL,Externa,927
3VX,3VX370GL,Externa,940
3VX,3VX375GL,Externa,953
3VX,3VX380GL,Externa,965
3VX,3VX385GL,Externa,978
3VX,3VX390GL,Externa,991
3VX,3VX395GL,Externa,1003
3VX,3VX400GL,Externa,1016
3VX,3VX405GL,Externa,1029
3VX,3VX410GL,Externa,1041
3VX,3VX415GL,Externa,1054
3VX,3VX420GL,Externa,1067
3VX,3VX425GL,Externa,1080
3VX,3VX430GL,Externa,1092
3VX,3VX440GL,Externa,1118
3VX,3VX445GL,Externa,1130
3VX,3VX450GL,Externa,1143
3VX,3VX455GL,Externa,1156
3VX,3VX460GL,Externa,1168
3VX,3VX465GL,Externa,1181
3VX,3VX470GL,Externa,1194
3VX,3VX475GL,Externa,1207
3VX,3VX480GL,Externa,1219
3VX,3VX490GL,Externa,1245
3VX,3VX495GL,Externa,1257
3VX,3VX500GL,Externa,1270
3VX,3VX505GL,Externa,1283
3VX,3VX510GL,Externa,1295
3VX,3VX515GL,Externa,1308
3VX,3VX520GL,Externa,1321
3VX,3VX525GL,Externa,1334
3VX,3VX530GL,Externa,1346
3VX,3VX535GL,Externa,1359
3VX,3VX540GL,Externa,1372
3VX,3VX545GL,Externa,1384
3VX,3VX550GL,Externa,1397
3VX,3VX555GL,Externa,1410
3VX,3VX560GL,Externa,1422
3VX,3VX565GL,Externa,1435
3VX,3VX570GL,Externa,1448
3VX,3VX575GL,Externa,1461
3VX,3VX580GL,Externa,1473
3VX,3VX585GL,Externa,1486
3VX,3VX590GL,Externa,1499
3VX,3VX595GL,Externa,1511
3VX,3VX600GL,Externa,1524
3VX,3VX610GL,Externa,1549
3VX,3VX615GL,Externa,1562
3VX,3VX620GL,Externa,1575
3VX,3VX625GL,Externa,1588
3VX,3VX630GL,Externa,1600
3VX,3VX640GL,Externa,1626
3VX,3VX645GL,Externa,1638
3VX,3VX650GL,Externa,1651
3VX,3VX670GL,Externa,1702
3VX,3VX680GL,Externa,1727
3VX,3VX685GL,Externa,1740
3VX,3VX690GL,Externa,1753
3VX,3VX695GL,Externa,1765
3VX,3VX700GL,Externa,1778
3VX,3VX705GL,Externa,1791
3VX,3VX710GL,Externa,1803
3VX,3VX715GL,Externa,1816
3VX,3VX720GL,Externa,1829
3VX,3VX725GL,Externa,1842
3VX,3VX735GL,Externa,1867
3VX,3VX745GL,Externa,1892
3VX,3VX750GL,Externa,1905
3VX,3VX765GL,Externa,1943
3VX,3VX780GL,Externa,1981
3VX,3VX800GL,Externa,2032
3VX,3VX850GL,Externa,2159
3VX,3VX900GL,Externa,2286
3VX,3VX950GL,Externa,2413
3VX,3VX1000GL,Externa,2540
3VX,3VX1060GL,Externa,2692
3VX,3VX1120GL,Externa,2845
3VX,3VX1180GL,Externa,2997
3VX,3VX1250GL,Externa,3175
3VX,3VX1320GL,Externa,3353
5VX,5VX220GL,Externa,559
5VX,5VX225GL,Externa,572
5VX,5VX230GL,Externa,584
5VX,5VX240GL,Externa,610
5VX,5VX245GL,Externa,622
5VX,5VX250GL,Externa,635
5VX,5VX255GL,Externa,648
5VX,5VX260GL,Externa,660
5VX,5VX270GL,Externa,686
5VX,5VX275GL,Externa,699
5VX,5VX285GL,Externa,724
5VX,5VX290GL,Externa,737
5VX,5VX295GL,Externa,749
5VX,5VX305GL,Externa,775
5VX,5VX310GL,Externa,787
5VX,5VX315GL,Externa,800
5VX,5VX320GL,Externa,813
5VX,5VX330GL,Externa,838
5VX,5VX335GL,Externa,851
5VX,5VX340GL,Externa,864
5VX,5VX345GL,Externa,876
5VX,5VX350GL,Externa,889
5VX,5VX355GL,Externa,902
5VX,5VX365GL,Externa,927
5VX,5VX370GL,Externa,940
5VX,5VX375GL,Externa,953
5VX,5VX380GL,Externa,965
5VX,5VX385GL,Externa,978
5VX,5VX390GL,Externa,991
5VX,5VX395GL,Externa,1003
5VX,5VX400GL,Externa,1016
5VX,5VX405GL,Externa,1029
5VX,5VX410GL,Externa,1041
5VX,5VX415GL,Externa,1054
5VX,5VX425GL,Externa,1080
5VX,5VX430GL,Externa,1092
5VX,5VX440GL,Externa,1118
5VX,5VX445GL,Externa,1130
5VX,5VX450GL,Externa,1143
5VX,5VX455GL,Externa,1156
5VX,5VX460GL,Externa,1168
5VX,5VX465GL,Externa,1181
5VX,5VX470GL,Externa,1194
5VX,5VX475GL,Externa,1207
5VX,5VX480GL,Externa,1219
5VX,5VX485GL,Externa,1232
5VX,5VX490GL,Externa,1245
5VX,5VX495GL,Externa,1257
5VX,5VX500GL,Externa,1270
5VX,5VX505GL,Externa,1283
5VX,5VX510GL,Externa,1295
5VX,5VX515GL,Externa,1308
5VX,5VX525GL,Externa,1334
5VX,5VX530GL,Externa,1346
5VX,5VX535GL,Externa,1359
5VX,5VX540GL,Externa,1372
5VX,5VX545GL,Externa,1384
5VX,5VX550GL,Externa,1397
5VX,5VX555GL,Externa,1410
5VX,5VX560GL,Externa,1422
5VX,5VX565GL,Externa,1435
5VX,5VX570GL,Externa,1448
5VX,5VX575GL,Externa,1461
5VX,5VX580GL,Externa,1473
5VX,5VX585GL,Externa,1486
5VX,5VX590GL,Externa,1499
5VX,5VX595GL,Externa,1511
5VX,5VX600GL,Externa,1524
5VX,5VX605GL,Externa,1537
5VX,5VX610GL,Externa,1549
5VX,5VX615GL,Externa,1562
5VX,5VX620GL,Externa,1575
5VX,5VX630GL,Externa,1600
5VX,5VX640GL,Externa,1626
5VX,5VX650GL,Externa,1651
5VX,5VX660GL,Externa,1676
5VX,5VX665GL,Externa,1689
5VX,5VX670GL,Externa,1702
5VX,5VX680GL,Externa,1727
5VX,5VX685GL,Externa,1740
5VX,5VX690GL,Externa,1753
5VX,5VX695GL,Externa,1765
5VX,5VX700GL,Externa,1778
5VX,5VX710GL,Externa,1803
5VX,5VX715GL,Externa,1816
5VX,5VX720GL,Externa,1829
5VX,5VX730GL,Externa,1854
5VX,5VX740GL,Externa,1880
5VX,5VX750GL,Externa,1905
5VX,5VX760GL,Externa,1930
5VX,5VX780GL,Externa,1981
5VX,5VX800GL,Externa,2032
5VX,5VX810GL,Externa,2057
5VX,5VX830GL,Externa,2108
5VX,5VX840GL,Externa,2134
5VX,5VX850GL,Externa,2159
5VX,5VX860GL,Externa,2184
5VX,5VX880GL,Externa,2235
5VX,5VX890GL,Externa,2261
5VX,5VX900GL,Externa,2286
5VX,5VX930GL,Externa,2362
5VX,5VX940GL,Externa,2388
5VX,5VX950GL,Externa,2413
5VX,5VX960GL,Externa,2438
5VX,5VX970GL,Externa,2464
5VX,5VX990GL,Externa,2515
5VX,5VX1000GL,Externa,2540
5VX,5VX1030GL,Externa,2616
5VX,5VX1050GL,Externa,2667
5VX,5VX1060GL,Externa,2692
5VX,5VX1080GL,Externa,2743
5VX,5VX1120GL,Externa,2845
5VX,5VX1150GL,Externa,2921
5VX,5VX1160GL,Externa,2946
5VX,5VX1180GL,Externa,2997
5VX,5VX1230GL,Externa,3124
5VX,5VX1250GL,Externa,3175
5VX,5VX1320GL,Externa,3353
5VX,5VX1350GL,Externa,3418
5VX,5VX1400GL,Externa,3545
XPZ,XPZ512GL,Referencia,512
XPZ,XPZ520GL,Referencia,520
XPZ,XPZ550GL,Referencia,550
XPZ,XPZ560GL,Referencia,560
XPZ,XPZ562GL,Referencia,562
XPZ,XPZ580GL,Referencia,580
XPZ,XPZ587GL,Referencia,587
XPZ,XPZ600GL,Referencia,600
XPZ,XPZ604GL,Referencia,604
XPZ,XPZ612GL,Referencia,612
XPZ,XPZ615GL,Referencia,615
XPZ,XPZ630GL,Referencia,630
XPZ,XPZ637GL,Referencia,637
XPZ,XPZ640GL,Referencia,640
XPZ,XPZ646GL,Referencia,646
XPZ,XPZ660GL,Referencia,660
XPZ,XPZ662GL,Referencia,662
XPZ,XPZ670GL,Referencia,670
XPZ,XPZ672GL,Referencia,672
XPZ,XPZ675GL,Referencia,675
XPZ,XPZ682GL,Referencia,682
XPZ,XPZ687GL,Referencia,687
XPZ,XPZ690GL,Referencia,690
XPZ,XPZ700GL,Referencia,700
XPZ,XPZ710GL,Referencia,710
XPZ,XPZ722GL,Referencia,722
XPZ,XPZ725GL,Referencia,725
XPZ,XPZ730GL,Referencia,730
XPZ,XPZ737GL,Referencia,737
XPZ,XPZ750GL,Referencia,750
XPZ,XPZ758GL,Referencia,758
XPZ,XPZ760GL,Referencia,760
XPZ,XPZ762GL,Referencia,762
XPZ,XPZ772GL,Referencia,772
XPZ,XPZ775GL,Referencia,775
XPZ,XPZ787GL,Referencia,787
XPZ,XPZ800GL,Referencia,800
XPZ,XPZ812GL,Referencia,812
XPZ,XPZ821GL,Referencia,821
XPZ,XPZ825GL,Referencia,825
XPZ,XPZ837GL,Referencia,837
XPZ,XPZ845GL,Referencia,845
XPZ,XPZ850GL,Referencia,850
XPZ,XPZ862GL,Referencia,862
XPZ,XPZ875GL,Referencia,875
XPZ,XPZ887GL,Referencia,887
XPZ,XPZ900GL,Referencia,900
XPZ,XPZ912GL,Referencia,912
XPZ,XPZ925GL,Referencia,925
XPZ,XPZ937GL,Referencia,937
XPZ,XPZ940GL,Referencia,940
XPZ,XPZ950GL,Referencia,950
XPZ,XPZ957GL,Referencia,957
XPZ,XPZ962GL,Referencia,962
XPZ,XPZ975GL,Referencia,975
XPZ,XPZ980GL,Referencia,980
XPZ,XPZ985GL,Referencia,985
XPZ,XPZ987GL,Referencia,987
XPZ,XPZ1000GL,Referencia,1000
XPZ,XPZ1010GL,Referencia,1010
XPZ,XPZ1012GL,Referencia,1012
XPZ,XPZ1024GL,Referencia,1024
XPZ,XPZ1030GL,Referencia,1030
XPZ,XPZ1037GL,Referencia,1037
XPZ,XPZ1047GL,Referencia,1047
XPZ,XPZ1060GL,Referencia,1060
XPZ,XPZ1062GL,Referencia,1062
XPZ,XPZ1077GL,Referencia,1077
XPZ,XPZ1080GL,Referencia,1080
XPZ,XPZ1087GL,Referencia,1087
XPZ,XPZ1090GL,Referencia,1090
XPZ,XPZ1100GL,Referencia,1100
XPZ,XPZ1112GL,Referencia,1112
XPZ,XPZ1120GL,Referencia,1120
XPZ,XPZ1137GL,Referencia,1137
XPZ,XPZ1140GL,Referencia,1140
XPZ,XPZ1150GL,Referencia,1150
XPZ,XPZ1162GL,Referencia,1162
XPZ,XPZ1166GL,Referencia,1166
XPZ,XPZ1170GL,Referencia,1170
XPZ,XPZ1180GL,Referencia,1180
XPZ,XPZ1187GL,Referencia,1187
XPZ,XPZ1195GL,Referencia,1195
XPZ,XPZ1200GL,Referencia,1200
XPZ,XPZ1202GL,Referencia,1202
XPZ,XPZ1210GL,Referencia,1210
XPZ,XPZ1212GL,Referencia,1212
XPZ,XPZ1220GL,Referencia,1220
XPZ,XPZ1227GL,Referencia,1227
XPZ,XPZ1237GL,Referencia,1237
XPZ,XPZ1240GL,Referencia,1240
XPZ,XPZ1250GL,Referencia,1250
XPZ,XPZ1262GL,Referencia,1262
XPZ,XPZ1270GL,Referencia,1270
XPZ,XPZ1280GL,Referencia,1280
XPZ,XPZ1282GL,Referencia,1282
XPZ,XPZ1285GL,Referencia,1285
XPZ,XPZ1287GL,Referencia,1287
XPZ,XPZ1312GL,Referencia,1312
XPZ,XPZ1320GL,Referencia,1320
XPZ,XPZ1337GL,Referencia,1337
XPZ,XPZ1340GL,Referencia,1340
XPZ,XPZ1350GL,Referencia,1350
XPZ,XPZ1362GL,Referencia,1362
XPZ,XPZ1370GL,Referencia,1370
XPZ,XPZ1380GL,Referencia,1380
XPZ,XPZ1387GL,Referencia,1387
XPZ,XPZ1400GL,Referencia,1400
XPZ,XPZ1412GL,Referencia,1412
XPZ,XPZ1415GL,Referencia,1415
XPZ,XPZ1420GL,Referencia,1420
XPZ,XPZ1430GL,Referencia,1430
XPZ,XPZ1437GL,Referencia,1437
XPZ,XPZ1450GL,Referencia,1450
XPZ,XPZ1462GL,Referencia,1462
XPZ,XPZ1470GL,Referencia,1470
XPZ,XPZ1475GL,Referencia,1475
XPZ,XPZ1487GL,Referencia,1487
XPZ,XPZ1490GL,Referencia,1490
XPZ,XPZ1500GL,Referencia,1500
XPZ,XPZ1512GL,Referencia,1512
XPZ,XPZ1520GL,Referencia,1520
XPZ,XPZ1527GL,Referencia,1527
XPZ,XPZ1537GL,Referencia,1537
XPZ,XPZ1545GL,Referencia,1545
XPZ,XPZ1550GL,Referencia,1550
XPZ,XPZ1560GL,Referencia,1560
XPZ,XPZ1562GL,Referencia,1562
XPZ,XPZ1587GL,Referencia,1587
XPZ,XPZ1600GL,Referencia,1600
XPZ,XPZ1612GL,Referencia,1612
XPZ,XPZ1630GL,Referencia,1630
XPZ,XPZ1637GL,Referencia,1637
XPZ,XPZ1640GL,Referencia,1640
XPZ,XPZ1650GL,Referencia,1650
XPZ,XPZ1652GL,Referencia,1652
XPZ,XPZ1662GL,Referencia,1662
XPZ,XPZ1687GL,Referencia,1687
XPZ,XPZ1700GL,Referencia,1700
XPZ,XPZ1707GL,Referencia,1707
XPZ,XPZ1710GL,Referencia,1710
XPZ,XPZ1712GL,Referencia,1712
XPZ,XPZ1737GL,Referencia,1737
XPZ,XPZ1750GL,Referencia,1750
XPZ,XPZ1760GL,Referencia,1760
XPZ,XPZ1762GL,Referencia,1762
XPZ,XPZ1782GL,Referencia,1782
XPZ,XPZ1787GL,Referencia,1787
XPZ,XPZ1800GL,Referencia,1800
XPZ,XPZ1812GL,Referencia,1812
XPZ,XPZ1837GL,Referencia,1837
XPZ,XPZ1845GL,Referencia,1845
XPZ,XPZ1850GL,Referencia,1850
XPZ,XPZ1862GL,Referencia,1862
XPZ,XPZ1875GL,Referencia,1875
XPZ,XPZ1887GL,Referencia,1887
XPZ,XPZ1900GL,Referencia,1900
XPZ,XPZ1937GL,Referencia,1937
XPZ,XPZ1950GL,Referencia,1950
XPZ,XPZ1962GL,Referencia,1962
XPZ,XPZ1987GL,Referencia,1987
XPZ,XPZ2000GL,Referencia,2000
XPZ,XPZ2012GL,Referencia,2012
XPZ,XPZ2030GL,Referencia,2030
XPZ,XPZ2037GL,Referencia,2037
XPZ,XPZ2060GL,Referencia,2060
XPZ,XPZ2062GL,Referencia,2062
XPZ,XPZ2087GL,Referencia,2087
XPZ,XPZ2120GL,Referencia,2120
XPZ,XPZ2137GL,Referencia,2137
XPZ,XPZ2160GL,Referencia,2160
XPZ,XPZ2187GL,Referencia,2187
XPZ,XPZ2220GL,Referencia,2220
XPZ,XPZ2240GL,Referencia,2240
XPZ,XPZ2280GL,Referencia,2280
XPZ,XPZ2287GL,Referencia,2287
XPZ,XPZ2300GL,Referencia,2300
XPZ,XPZ2360GL,Referencia,2360
XPZ,XPZ2410GL,Referencia,2410
XPZ,XPZ2430GL,Referencia,2430
XPZ,XPZ2437GL,Referencia,2437
XPZ,XPZ2487GL,Referencia,2487
XPZ,XPZ2500GL,Referencia,2500
XPZ,XPZ2530GL,Referencia,2530
XPZ,XPZ2540GL,Referencia,2540
XPZ,XPZ2580GL,Referencia,2580
XPZ,XPZ2650GL,Referencia,2650
XPZ,XPZ2690GL,Referencia,2690
XPZ,XPZ2750GL,Referencia,2750
XPZ,XPZ2800GL,Referencia,2800
XPZ,XPZ2840GL,Referencia,2840
XPZ,XPZ2900GL,Referencia,2900
XPZ,XPZ2915GL,Referencia,2915
XPZ,XPZ2987GL,Referencia,2987
XPZ,XPZ2990GL,Referencia,2990
XPZ,XPZ3000GL,Referencia,3000
XPA,XPA550GL,Referencia,550
XPA,XPA575GL,Referencia,575
XPA,XPA630GL,Referencia,630
XPA,XPA667GL,Referencia,667
XPA,XPA670GL,Referencia,670
XPA,XPA690GL,Referencia,690
XPA,XPA710GL,Referencia,710
XPA,XPA730GL,Referencia,730
XPA,XPA732GL,Referencia,732
XPA,XPA742GL,Referencia,742
XPA,XPA747GL,Referencia,747
XPA,XPA750GL,Referencia,750
XPA,XPA757GL,Referencia,757
XPA,XPA760GL,Referencia,760
XPA,XPA762GL,Referencia,762
XPA,XPA766GL,Referencia,766
XPA,XPA772GL,Referencia,772
XPA,XPA775GL,Referencia,775
XPA,XPA782GL,Referencia,782
XPA,XPA800GL,Referencia,800
XPA,XPA807GL,Referencia,807
XPA,XPA825GL,Referencia,825
XPA,XPA832GL,Referencia,832
XPA,XPA840GL,Referencia,840
XPA,XPA850GL,Referencia,850
XPA,XPA857GL,Referencia,857
XPA,XPA861GL,Referencia,861
XPA,XPA875GL,Referencia,875
XPA,XPA882GL,Referencia,882
XPA,XPA900GL,Referencia,900
XPA,XPA907GL,Referencia,907
XPA,XPA910GL,Referencia,910
XPA,XPA912GL,Referencia,912
XPA,XPA918GL,Referencia,918
XPA,XPA922GL,Referencia,922
XPA,XPA925GL,Referencia,925
XPA,XPA930GL,Referencia,930
XPA,XPA932GL,Referencia,932
XPA,XPA940GL,Referencia,940
XPA,XPA950GL,Referencia,950
XPA,XPA957GL,Referencia,957
XPA,XPA960GL,Referencia,960
XPA,XPA963GL,Referencia,963
XPA,XPA967GL,Referencia,967
XPA,XPA969GL,Referencia,969
XPA,XPA975GL,Referencia,975
XPA,XPA982GL,Referencia,982
XPA,XPA1000GL,Referencia,1000
XPA,XPA1007GL,Referencia,1007
XPA,XPA1017GL,Referencia,1017
XPA,XPA1030GL,Referencia,1030
XPA,XPA1032GL,Referencia,1032
XPA,XPA1055GL,Referencia,1055
XPA,XPA1060GL,Referencia,1060
XPA,XPA1070GL,Referencia,1070
XPA,XPA1082GL,Referencia,1082
XPA,XPA1090GL,Referencia,1090
XPA,XPA1107GL,Referencia,1107
XPA,XPA1120GL,Referencia,1120
XPA,XPA1132GL,Referencia,1132
XPA,XPA1140GL,Referencia,1140
XPA,XPA1150GL,Referencia,1150
XPA,XPA1155GL,Referencia,1155
XPA,XPA1157GL,Referencia,1157
XPA,XPA1175GL,Referencia,1175
XPA,XPA1180GL,Referencia,1180
XPA,XPA1190GL,Referencia,1190
XPA,XPA1200GL,Referencia,1200
XPA,XPA1207GL,Referencia,1207
XPA,XPA1215GL,Referencia,1215
XPA,XPA1220GL,Referencia,1220
XPA,XPA1232GL,Referencia,1232
XPA,XPA1250GL,Referencia,1250
XPA,XPA1257GL,Referencia,1257
XPA,XPA1272GL,Referencia,1272
XPA,XPA1280GL,Referencia,1280
XPA,XPA1282GL,Referencia,1282
XPA,XPA1285GL,Referencia,1285
XPA,XPA1300GL,Referencia,1300
XPA,XPA1307GL,Referencia,1307
XPA,XPA1320GL,Referencia,1320
XPA,XPA1332GL,Referencia,1332
XPA,XPA1340GL,Referencia,1340
XPA,XPA1357GL,Referencia,1357
XPA,XPA1360GL,Referencia,1360
XPA,XPA1367GL,Referencia,1367
XPA,XPA1375GL,Referencia,1375
XPA,XPA1382GL,Referencia,1382
XPA,XPA1400GL,Referencia,1400
XPA,XPA1407GL,Referencia,1407
XPA,XPA1415GL,Referencia,1415
XPA,XPA1420GL,Referencia,1420
XPA,XPA1425GL,Referencia,1425
XPA,XPA1430GL,Referencia,1430
XPA,XPA1432GL,Referencia,1432
XPA,XPA1450GL,Referencia,1450
XPA,XPA1457GL,Referencia,1457
XPA,XPA1465GL,Referencia,1465
XPA,XPA1475GL,Referencia,1475
XPA,XPA1482GL,Referencia,1482
XPA,XPA1490GL,Referencia,1490
XPA,XPA1500GL,Referencia,1500
XPA,XPA1507GL,Referencia,1507
XPA,XPA1520GL,Referencia,1520
XPA,XPA1525GL,Referencia,1525
XPA,XPA1532GL,Referencia,1532
XPA,XPA1550GL,Referencia,1550
XPA,XPA1557GL,Referencia,1557
XPA,XPA1582GL,Referencia,1582
XPA,XPA1600GL,Referencia,1600
XPA,XPA1607GL,Referencia,1607
XPA,XPA1610GL,Referencia,1610
XPA,XPA1618GL,Referencia,1618
XPA,XPA1630GL,Referencia,1630
XPA,XPA1632GL,Referencia,1632
XPA,XPA1650GL,Referencia,1650
XPA,XPA1652GL,Referencia,1652
XPA,XPA1657GL,Referencia,1657
XPA,XPA1662GL,Referencia,1662
XPA,XPA1675GL,Referencia,1675
XPA,XPA1680GL,Referencia,1680
XPA,XPA1682GL,Referencia,1682
XPA,XPA1700GL,Referencia,1700
XPA,XPA1707GL,Referencia,1707
XPA,XPA1725GL,Referencia,1725
XPA,XPA1732GL,Referencia,1732
XPA,XPA1750GL,Referencia,1750
XPA,XPA1757GL,Referencia,1757
XPA,XPA1782GL,Referencia,1782
XPA,XPA1800GL,Referencia,1800
XPA,XPA1807GL,Referencia,1807
XPA,XPA1820GL,Referencia,1820
XPA,XPA1825GL,Referencia,1825
XPA,XPA1832GL,Referencia,1832
XPA,XPA1850GL,Referencia,1850
XPA,XPA1857GL,Referencia,1857
XPA,XPA1875GL,Referencia,1875
XPA,XPA1882GL,Referencia,1882
XPA,XPA1885GL,Referencia,1885
XPA,XPA1900GL,Referencia,1900
XPA,XPA1907GL,Referencia,1907
XPA,XPA1925GL,Referencia,1925
XPA,XPA1932GL,Referencia,1932
XPA,XPA1950GL,Referencia,1950
XPA,XPA1957GL,Referencia,1957
XPA,XPA1982GL,Referencia,1982
XPA,XPA1987GL,Referencia,1987
XPA,XPA2000GL,Referencia,2000
XPA,XPA2032GL,Referencia,2032
XPA,XPA2050GL,Referencia,2050
XPA,XPA2057GL,Referencia,2057
XPA,XPA2060GL,Referencia,2060
XPA,XPA2082GL,Referencia,2082
XPA,XPA2100GL,Referencia,2100
XPA,XPA2120GL,Referencia,2120
XPA,XPA2130GL,Referencia,2130
XPA,XPA2132GL,Referencia,2132
XPA,XPA2150GL,Referencia,2150
XPA,XPA2160GL,Referencia,2160
XPA,XPA2180GL,Referencia,2180
XPA,XPA2182GL,Referencia,2182
XPA,XPA2200GL,Referencia,2200
XPA,XPA2207GL,Referencia,2207
XPA,XPA2227GL,Referencia,2227
XPA,XPA2232GL,Referencia,2232
XPA,XPA2240GL,Referencia,2240
XPA,XPA2282GL,Referencia,2282
XPA,XPA2300GL,Referencia,2300
XPA,XPA2307GL,Referencia,2307
XPA,XPA2330GL,Referencia,2330
XPA,XPA2332GL,Referencia,2332
XPA,XPA2360GL,Referencia,2360
XPA,XPA2380GL,Referencia,2380
XPA,XPA2382GL,Referencia,2382
XPA,XPA2430GL,Referencia,2430
XPA,XPA2432GL,Referencia,2432
XPA,XPA2450GL,Referencia,2450
XPA,XPA2482GL,Referencia,2482
XPA,XPA2500GL,Referencia,2500
XPA,XPA2532GL,Referencia,2532
XPA,XPA2582GL,Referencia,2582
XPA,XPA2600GL,Referencia,2600
XPA,XPA2607GL,Referencia,2607
XPA,XPA2632GL,Referencia,2632
XPA,XPA2650GL,Referencia,2650
XPA,XPA2682GL,Referencia,2682
XPA,XPA2732GL,Referencia,2732
XPA,XPA2782GL,Referencia,2782
XPA,XPA2800GL,Referencia,2800
XPA,XPA2832GL,Referencia,2832
XPA,XPA2847GL,Referencia,2847
XPA,XPA2882GL,Referencia,2882
XPA,XPA2900GL,Referencia,2900
XPA,XPA2932GL,Referencia,2932
XPA,XPA2982GL,Referencia,2982
XPA,XPA3000GL,Referencia,3000
XPA,XPA3020GL,Referencia,3020
XPA,XPA3030GL,Referencia,3030
XPA,XPA3150GL,Referencia,3150
XPA,XPA3350GL,Referencia,3350
XPA,XPA3550GL,Referencia,3550
XPB,XPB1000GL,Referencia,1000
XPB,XPB1060GL,Referencia,1060
XPB,XPB1160GL,Referencia,1160
XPB,XPB1250GL,Referencia,1250
XPB,XPB1260GL,Referencia,1260
XPB,XPB1270GL,Referencia,1270
XPB,XPB1280GL,Referencia,1280
XPB,XPB1300GL,Referencia,1300
XPB,XPB1320GL,Referencia,1320
XPB,XPB1340GL,Referencia,1340
XPB,XPB1360GL,Referencia,1360
XPB,XPB1375GL,Referencia,1375
XPB,XPB1380GL,Referencia,1380
XPB,XPB1400GL,Referencia,1400
XPB,XPB1410GL,Referencia,1410
XPB,XPB1425GL,Referencia,1425
XPB,XPB1435GL,Referencia,1435
XPB,XPB1450GL,Referencia,1450
XPB,XPB1465GL,Referencia,1465
XPB,XPB1480GL,Referencia,1480
XPB,XPB1485GL,Referencia,1485
XPB,XPB1500GL,Referencia,1500
XPB,XPB1510GL,Referencia,1510
XPB,XPB1525GL,Referencia,1525
XPB,XPB1540GL,Referencia,1540
XPB,XPB1550GL,Referencia,1550
XPB,XPB1555GL,Referencia,1555
XPB,XPB1560GL,Referencia,1560
XPB,XPB1590GL,Referencia,1590
XPB,XPB1600GL,Referencia,1600
XPB,XPB1627GL,Referencia,1627
XPB,XPB1630GL,Referencia,1630
XPB,XPB1650GL,Referencia,1650
XPB,XPB1690GL,Referencia,1690
XPB,XPB1700GL,Referencia,1700
XPB,XPB1720GL,Referencia,1720
XPB,XPB1750GL,Referencia,1750
XPB,XPB1778GL,Referencia,1778
XPB,XPB1800GL,Referencia,1800
XPB,XPB1850GL,Referencia,1850
XPB,XPB1860GL,Referencia,1860
XPB,XPB1900GL,Referencia,1900
XPB,XPB1950GL,Referencia,1950
XPB,XPB2000GL,Referencia,2000
XPB,XPB2020GL,Referencia,2020
XPB,XPB2032GL,Referencia,2032
XPB,XPB2060GL,Referencia,2060
XPB,XPB2098GL,Referencia,2098
XPB,XPB2100GL,Referencia,2100
XPB,XPB2120GL,Referencia,2120
XPB,XPB2150GL,Referencia,2150
XPB,XPB2160GL,Referencia,2160
XPB,XPB2180GL,Referencia,2180
XPB,XPB2240GL,Referencia,2240
XPB,XPB2260GL,Referencia,2260
XPB,XPB2280GL,Referencia,2280
XPB,XPB2300GL,Referencia,2300
XPB,XPB2360GL,Referencia,2360
XPB,XPB2391GL,Referencia,2391
XPB,XPB2400GL,Referencia,2400
XPB,XPB2410GL,Referencia,2410
XPB,XPB2430GL,Referencia,2430
XPB,XPB2450GL,Referencia,2450
XPB,XPB2480GL,Referencia,2480
XPB,XPB2500GL,Referencia,2500
XPB,XPB2510GL,Referencia,2510
XPB,XPB2530GL,Referencia,2530
XPB,XPB2580GL,Referencia,2580
XPB,XPB2600GL,Referencia,2600
XPB,XPB2650GL,Referencia,2650
XPB,XPB2680GL,Referencia,2680
XPB,XPB2700GL,Referencia,2700
XPB,XPB2720GL,Referencia,2720
XPB,XPB2750GL,Referencia,2750
XPB,XPB2800GL,Referencia,2800
XPB,XPB2840GL,Referencia,2840
XPB,XPB2900GL,Referencia,2900
XPB,XPB2990GL,Referencia,2990
XPB,XPB3000GL,Referencia,3000
XPB,XPB3150GL,Referencia,3150
XPB,XPB3170GL,Referencia,3170
XPB,XPB3340GL,Referencia,3340
XPB,XPB3350GL,Referencia,3350
XPB,XPB3450GL,Referencia,3450
XPB,XPB3550GL,Referencia,3550
XPC,XPC1260GL,Referencia,1260
XPC,XPC1700GL,Referencia,1700
XPC,XPC1800GL,Referencia,1800
XPC,XPC1900GL,Referencia,1900
XPC,XPC2000GL,Referencia,2000
XPC,XPC2120GL,Referencia,2120
XPC,XPC2170GL,Referencia,2170
XPC,XPC2240GL,Referencia,2240
XPC,XPC2360GL,Referencia,2360
XPC,XPC2500GL,Referencia,2500
XPC,XPC2600GL,Referencia,2600
XPC,XPC2650GL,Referencia,2650
XPC,XPC2800GL,Referencia,2800
XPC,XPC2900GL,Referencia,2900
XPC,XPC2995GL,Referencia,2995
XPC,XPC3000GL,Referencia,3000
XPC,XPC3150GL,Referencia,3150
XPC,XPC3350GL,Referencia,3350
XPC,XPC3550GL,Referencia,3550